Gen,Raw Fitness,Adjusted Fitness,Normalized Fitness,Hits ratio,Accuracy
6,50,0.0
0,124.0,0.008,0.09203160003669605,117.0,0.4936708860759494
1,124.0,0.008,0.06056087861006984,117.0,0.4936708860759494
2,124.0,0.008,0.043570945893240946,117.0,0.4936708860759494
3,124.0,0.008,0.039263079170205106,117.0,0.4936708860759494
4,124.0,0.008,0.024790311832434794,117.0,0.4936708860759494
5,124.0,0.008,0.02857981910964202,117.0,0.4936708860759494
6,124.0,0.008,0.029936253842882447,117.0,0.4936708860759494
7,121.0,0.00819672131147541,0.025945039421582765,123.0,0.5189873417721519
8,113.0,0.008771929824561403,0.031010744719508404,128.0,0.540084388185654
9,105.0,0.009433962264150943,0.03430963320879542,142.0,0.5991561181434599
10,105.0,0.009433962264150943,0.033015290926126754,142.0,0.5991561181434599
11,105.0,0.009433962264150943,0.029703969825677384,142.0,0.5991561181434599
12,105.0,0.009433962264150943,0.02735702911648818,142.0,0.5991561181434599
13,101.0,0.00980392156862745,0.030771376407075862,146.0,0.6160337552742616
14,101.0,0.00980392156862745,0.032286951378921645,146.0,0.6160337552742616
15,101.0,0.00980392156862745,0.03894787685009091,146.0,0.6160337552742616
16,101.0,0.00980392156862745,0.030076816167099396,146.0,0.6160337552742616
17,101.0,0.00980392156862745,0.029480114043772272,146.0,0.6160337552742616
18,101.0,0.00980392156862745,0.030690272582470327,146.0,0.6160337552742616
19,101.0,0.00980392156862745,0.034351406843174705,146.0,0.6160337552742616
20,101.0,0.00980392156862745,0.02943210786162384,146.0,0.6160337552742616
21,101.0,0.00980392156862745,0.03145618017610396,146.0,0.6160337552742616
22,101.0,0.00980392156862745,0.03497621446311424,146.0,0.6160337552742616
23,101.0,0.00980392156862745,0.034904395730053446,146.0,0.6160337552742616
24,100.0,0.009900990099009901,0.030499982668468865,147.0,0.620253164556962
25,100.0,0.009900990099009901,0.030148051295964484,147.0,0.620253164556962
26,100.0,0.009900990099009901,0.02912586504859046,147.0,0.620253164556962
27,100.0,0.009900990099009901,0.029258487190413913,147.0,0.620253164556962
28,100.0,0.009900990099009901,0.02812584187045538,147.0,0.620253164556962
29,100.0,0.009900990099009901,0.030645412705783845,147.0,0.620253164556962
30,100.0,0.009900990099009901,0.026787774256141744,147.0,0.620253164556962
31,100.0,0.009900990099009901,0.034473960832064304,147.0,0.620253164556962
32,100.0,0.009900990099009901,0.031206543840910834,147.0,0.620253164556962
33,100.0,0.009900990099009901,0.026701594396863166,147.0,0.620253164556962
34,100.0,0.009900990099009901,0.036845543391113726,147.0,0.620253164556962
35,100.0,0.009900990099009901,0.029418116435043315,147.0,0.620253164556962
36,97.0,0.01020408163265306,0.03445754540751344,147.0,0.620253164556962
37,97.0,0.01020408163265306,0.027837411730932127,147.0,0.620253164556962
38,97.0,0.01020408163265306,0.029007922098719708,147.0,0.620253164556962
39,97.0,0.01020408163265306,0.02945473758224434,147.0,0.620253164556962
40,97.0,0.01020408163265306,0.031007509665200852,147.0,0.620253164556962
41,97.0,0.01020408163265306,0.031553665615665014,147.0,0.620253164556962
42,97.0,0.01020408163265306,0.029591261129976298,147.0,0.620253164556962
43,97.0,0.01020408163265306,0.02745204584843956,147.0,0.620253164556962
44,97.0,0.01020408163265306,0.030326650037514176,147.0,0.620253164556962
45,97.0,0.01020408163265306,0.03207270306883572,147.0,0.620253164556962
46,97.0,0.01020408163265306,0.03240100770103124,147.0,0.620253164556962
47,97.0,0.01020408163265306,0.0285659335357742,147.0,0.620253164556962
48,97.0,0.01020408163265306,0.031049532176627394,147.0,0.620253164556962
49,97.0,0.01020408163265306,0.029725263932894895,147.0,0.620253164556962
50,97.0,0.01020408163265306,0.030219267471511903,147.0,0.620253164556962
51,97.0,0.01020408163265306,0.03392718906008269,147.0,0.620253164556962
52,97.0,0.01020408163265306,0.03763292425448143,147.0,0.620253164556962
53,97.0,0.01020408163265306,0.03540931270889563,147.0,0.620253164556962
54,97.0,0.01020408163265306,0.0328109496818278,147.0,0.620253164556962
55,97.0,0.01020408163265306,0.03325441930212097,147.0,0.620253164556962
56,97.0,0.01020408163265306,0.032081889268842846,147.0,0.620253164556962
57,97.0,0.01020408163265306,0.026164381039565362,147.0,0.620253164556962
58,97.0,0.01020408163265306,0.030732211288896617,147.0,0.620253164556962
59,97.0,0.01020408163265306,0.027376875196392474,147.0,0.620253164556962
60,97.0,0.01020408163265306,0.028307335748459613,147.0,0.620253164556962
61,97.0,0.01020408163265306,0.035368344483990226,147.0,0.620253164556962
62,97.0,0.01020408163265306,0.03008133073629676,147.0,0.620253164556962
63,97.0,0.01020408163265306,0.026929308159541268,147.0,0.620253164556962
64,97.0,0.01020408163265306,0.029195371474286448,147.0,0.620253164556962
65,97.0,0.01020408163265306,0.028051688869041035,147.0,0.620253164556962
66,97.0,0.01020408163265306,0.027550255215324122,147.0,0.620253164556962
67,97.0,0.01020408163265306,0.02774307519210938,147.0,0.620253164556962
68,97.0,0.01020408163265306,0.03542393243699859,147.0,0.620253164556962
69,92.0,0.010752688172043012,0.03195784609463016,155.0,0.6540084388185654
70,92.0,0.010752688172043012,0.030946285513553322,155.0,0.6540084388185654
71,92.0,0.010752688172043012,0.03893281609475585,155.0,0.6540084388185654
72,92.0,0.010752688172043012,0.0316476692400198,155.0,0.6540084388185654
73,92.0,0.010752688172043012,0.03858356288194481,155.0,0.6540084388185654
74,89.0,0.011111111111111112,0.03810753188950936,158.0,0.6666666666666666
75,89.0,0.011111111111111112,0.032105096809755054,158.0,0.6666666666666666
76,89.0,0.011111111111111112,0.029238093992618164,158.0,0.6666666666666666
77,89.0,0.011111111111111112,0.031691586155491516,158.0,0.6666666666666666
78,89.0,0.011111111111111112,0.0398847296527413,158.0,0.6666666666666666
79,89.0,0.011111111111111112,0.04118736324921713,158.0,0.6666666666666666
80,89.0,0.011111111111111112,0.035409949748334474,158.0,0.6666666666666666
81,89.0,0.011111111111111112,0.036726678814114025,158.0,0.6666666666666666
82,89.0,0.011111111111111112,0.029313804024351953,158.0,0.6666666666666666
83,89.0,0.011111111111111112,0.03689971526395468,158.0,0.6666666666666666
84,89.0,0.011111111111111112,0.030014604137867613,158.0,0.6666666666666666
85,89.0,0.011111111111111112,0.031118502265233088,158.0,0.6666666666666666
86,89.0,0.011111111111111112,0.04374124535808594,158.0,0.6666666666666666
87,89.0,0.011111111111111112,0.03686550086458286,158.0,0.6666666666666666
88,89.0,0.011111111111111112,0.029582122012583197,158.0,0.6666666666666666
89,89.0,0.011111111111111112,0.03004440645091958,158.0,0.6666666666666666
90,89.0,0.011111111111111112,0.02910971341578842,158.0,0.6666666666666666
91,89.0,0.011111111111111112,0.027671445198534872,158.0,0.6666666666666666
92,89.0,0.011111111111111112,0.03583467435909896,158.0,0.6666666666666666
93,89.0,0.011111111111111112,0.03559724714515617,158.0,0.6666666666666666
94,89.0,0.011111111111111112,0.03109575183634221,158.0,0.6666666666666666
95,89.0,0.011111111111111112,0.028937836341568973,158.0,0.6666666666666666
96,89.0,0.011111111111111112,0.039191900410467176,158.0,0.6666666666666666
97,89.0,0.011111111111111112,0.026884606847378815,158.0,0.6666666666666666
98,89.0,0.011111111111111112,0.030715132541516414,158.0,0.6666666666666666
99,89.0,0.011111111111111112,0.03697776884432736,158.0,0.6666666666666666
100,89.0,0.011111111111111112,0.03421046600710535,158.0,0.6666666666666666
101,89.0,0.011111111111111112,0.02888644504848769,158.0,0.6666666666666666
102,89.0,0.011111111111111112,0.03045439330761173,158.0,0.6666666666666666
103,89.0,0.011111111111111112,0.028163335835905322,158.0,0.6666666666666666
104,89.0,0.011111111111111112,0.02904356435340772,158.0,0.6666666666666666
105,89.0,0.011111111111111112,0.030128384347985683,158.0,0.6666666666666666
106,89.0,0.011111111111111112,0.027869402159962135,158.0,0.6666666666666666
107,89.0,0.011111111111111112,0.027623260702376314,158.0,0.6666666666666666
108,89.0,0.011111111111111112,0.029387869845291712,158.0,0.6666666666666666
109,89.0,0.011111111111111112,0.028128953003720574,158.0,0.6666666666666666
110,89.0,0.011111111111111112,0.026053913591065313,158.0,0.6666666666666666
111,89.0,0.011111111111111112,0.025590537688982784,158.0,0.6666666666666666
112,89.0,0.011111111111111112,0.030592379078348726,158.0,0.6666666666666666
113,89.0,0.011111111111111112,0.02874825661143457,158.0,0.6666666666666666
114,89.0,0.011111111111111112,0.029163408175261786,158.0,0.6666666666666666
115,89.0,0.011111111111111112,0.02739138383739716,158.0,0.6666666666666666
116,89.0,0.011111111111111112,0.028418802084321553,158.0,0.6666666666666666
117,89.0,0.011111111111111112,0.03172845499192057,158.0,0.6666666666666666
118,89.0,0.011111111111111112,0.030493171918057754,158.0,0.6666666666666666
119,89.0,0.011111111111111112,0.03363691600706635,158.0,0.6666666666666666
120,89.0,0.011111111111111112,0.030604344115177342,158.0,0.6666666666666666
121,89.0,0.011111111111111112,0.037094272312258585,158.0,0.6666666666666666
122,89.0,0.011111111111111112,0.029503495043565853,158.0,0.6666666666666666
123,89.0,0.011111111111111112,0.03213882253049321,158.0,0.6666666666666666
124,89.0,0.011111111111111112,0.032779937413501076,158.0,0.6666666666666666
125,89.0,0.011111111111111112,0.03257011607803954,158.0,0.6666666666666666
126,89.0,0.011111111111111112,0.03558863888821953,158.0,0.6666666666666666
127,89.0,0.011111111111111112,0.028183148225811926,158.0,0.6666666666666666
128,89.0,0.011111111111111112,0.03195132937963654,158.0,0.6666666666666666
129,89.0,0.011111111111111112,0.03278760572902464,158.0,0.6666666666666666
130,89.0,0.011111111111111112,0.036308789254987935,158.0,0.6666666666666666
131,89.0,0.011111111111111112,0.036475599930688996,158.0,0.6666666666666666
132,89.0,0.011111111111111112,0.029858992214801837,158.0,0.6666666666666666
133,89.0,0.011111111111111112,0.03735413272047357,158.0,0.6666666666666666
134,89.0,0.011111111111111112,0.03415065526538192,158.0,0.6666666666666666
135,89.0,0.011111111111111112,0.03676054191152296,158.0,0.6666666666666666
136,89.0,0.011111111111111112,0.034402978763316966,158.0,0.6666666666666666
137,89.0,0.011111111111111112,0.03213393051869487,158.0,0.6666666666666666
138,89.0,0.011111111111111112,0.032600503534566644,158.0,0.6666666666666666
139,89.0,0.011111111111111112,0.028856753416871116,158.0,0.6666666666666666
140,89.0,0.011111111111111112,0.027699466448400357,158.0,0.6666666666666666
141,89.0,0.011111111111111112,0.027995336914252444,158.0,0.6666666666666666
142,89.0,0.011111111111111112,0.029694300805008934,158.0,0.6666666666666666
143,89.0,0.011111111111111112,0.029120919560948786,158.0,0.6666666666666666
144,89.0,0.011111111111111112,0.031003567913254374,158.0,0.6666666666666666
145,89.0,0.011111111111111112,0.027800931429992883,158.0,0.6666666666666666
146,89.0,0.011111111111111112,0.032557514330696265,158.0,0.6666666666666666
147,89.0,0.011111111111111112,0.03501053298762114,158.0,0.6666666666666666
148,89.0,0.011111111111111112,0.0309206753495865,158.0,0.6666666666666666
149,89.0,0.011111111111111112,0.03143295121122967,158.0,0.6666666666666666
150,89.0,0.011111111111111112,0.031195489596088772,158.0,0.6666666666666666
151,89.0,0.011111111111111112,0.027856480391367507,158.0,0.6666666666666666
152,89.0,0.011111111111111112,0.02837605824212555,158.0,0.6666666666666666
153,89.0,0.011111111111111112,0.029090525020982846,158.0,0.6666666666666666
154,89.0,0.011111111111111112,0.030298987778199695,158.0,0.6666666666666666
155,89.0,0.011111111111111112,0.026329036377870988,158.0,0.6666666666666666
156,89.0,0.011111111111111112,0.028811167162237555,158.0,0.6666666666666666
157,89.0,0.011111111111111112,0.032254470046749965,158.0,0.6666666666666666
158,89.0,0.011111111111111112,0.03156547956749641,158.0,0.6666666666666666
159,89.0,0.011111111111111112,0.030160291941438145,158.0,0.6666666666666666
160,89.0,0.011111111111111112,0.027797597113464863,158.0,0.6666666666666666
161,89.0,0.011111111111111112,0.03477978572142247,158.0,0.6666666666666666
162,89.0,0.011111111111111112,0.033841321101067266,158.0,0.6666666666666666
163,89.0,0.011111111111111112,0.027475778888473214,158.0,0.6666666666666666
164,89.0,0.011111111111111112,0.026764865361473652,158.0,0.6666666666666666
165,89.0,0.011111111111111112,0.02825288056078167,158.0,0.6666666666666666
166,89.0,0.011111111111111112,0.030924391972133182,158.0,0.6666666666666666
167,78.0,0.012658227848101266,0.03475660745463835,172.0,0.7257383966244726
168,78.0,0.012658227848101266,0.02960508631598758,172.0,0.7257383966244726
169,78.0,0.012658227848101266,0.03503710230085143,172.0,0.7257383966244726
170,78.0,0.012658227848101266,0.031810351933292895,172.0,0.7257383966244726
171,78.0,0.012658227848101266,0.028391077149855913,172.0,0.7257383966244726
172,78.0,0.012658227848101266,0.03188274449344648,172.0,0.7257383966244726
173,78.0,0.012658227848101266,0.03345776531464411,172.0,0.7257383966244726
174,78.0,0.012658227848101266,0.03162863135243105,172.0,0.7257383966244726
175,78.0,0.012658227848101266,0.02976598861563942,172.0,0.7257383966244726
176,78.0,0.012658227848101266,0.028852293453933135,172.0,0.7257383966244726
177,78.0,0.012658227848101266,0.0313694776160513,172.0,0.7257383966244726
178,78.0,0.012658227848101266,0.03116928413356662,172.0,0.7257383966244726
179,78.0,0.012658227848101266,0.0306152057343592,172.0,0.7257383966244726
180,78.0,0.012658227848101266,0.032166858576406346,172.0,0.7257383966244726
181,78.0,0.012658227848101266,0.03471931445738582,172.0,0.7257383966244726
182,78.0,0.012658227848101266,0.027058155258795853,172.0,0.7257383966244726
183,78.0,0.012658227848101266,0.04121639616112833,172.0,0.7257383966244726
184,78.0,0.012658227848101266,0.030706463460376532,172.0,0.7257383966244726
185,78.0,0.012658227848101266,0.03525501593957343,172.0,0.7257383966244726
186,78.0,0.012658227848101266,0.031707388309991376,172.0,0.7257383966244726
187,78.0,0.012658227848101266,0.029629209916573387,172.0,0.7257383966244726
188,78.0,0.012658227848101266,0.037177215003209106,172.0,0.7257383966244726
189,78.0,0.012658227848101266,0.03335786281364212,172.0,0.7257383966244726
190,78.0,0.012658227848101266,0.030842000279422712,172.0,0.7257383966244726
191,78.0,0.012658227848101266,0.036844966238021144,172.0,0.7257383966244726
192,78.0,0.012658227848101266,0.034884896956914706,172.0,0.7257383966244726
193,78.0,0.012658227848101266,0.03966307031528161,172.0,0.7257383966244726
194,78.0,0.012658227848101266,0.031194872784199208,172.0,0.7257383966244726
195,78.0,0.012658227848101266,0.03267649013805408,172.0,0.7257383966244726
196,78.0,0.012658227848101266,0.0358113472032352,172.0,0.7257383966244726
197,78.0,0.012658227848101266,0.03232156890088948,172.0,0.7257383966244726
198,78.0,0.012658227848101266,0.030761208413026236,172.0,0.7257383966244726
199,78.0,0.012658227848101266,0.029533834121791256,172.0,0.7257383966244726
200,78.0,0.012658227848101266,0.0335363924992778,172.0,0.7257383966244726
201,78.0,0.012658227848101266,0.028726130894543893,172.0,0.7257383966244726
202,78.0,0.012658227848101266,0.03237340858143695,172.0,0.7257383966244726
203,78.0,0.012658227848101266,0.027327382155100787,172.0,0.7257383966244726
204,78.0,0.012658227848101266,0.0330715765694933,172.0,0.7257383966244726
205,78.0,0.012658227848101266,0.034426081315747994,172.0,0.7257383966244726
206,78.0,0.012658227848101266,0.039310367444742526,172.0,0.7257383966244726
207,78.0,0.012658227848101266,0.034058103178989614,172.0,0.7257383966244726
208,78.0,0.012658227848101266,0.02743762607954686,172.0,0.7257383966244726
209,78.0,0.012658227848101266,0.031429115744576325,172.0,0.7257383966244726
210,78.0,0.012658227848101266,0.029490937351747994,172.0,0.7257383966244726
211,78.0,0.012658227848101266,0.02927095143073372,172.0,0.7257383966244726
212,78.0,0.012658227848101266,0.02817080342345923,172.0,0.7257383966244726
213,78.0,0.012658227848101266,0.02820339874184827,172.0,0.7257383966244726
214,78.0,0.012658227848101266,0.028770554140917032,172.0,0.7257383966244726
215,78.0,0.012658227848101266,0.03575804063143743,172.0,0.7257383966244726
216,78.0,0.012658227848101266,0.03313978088762916,172.0,0.7257383966244726
217,78.0,0.012658227848101266,0.030531656693898724,172.0,0.7257383966244726
218,78.0,0.012658227848101266,0.04621098304268554,172.0,0.7257383966244726
219,78.0,0.012658227848101266,0.03391293122423285,172.0,0.7257383966244726
220,78.0,0.012658227848101266,0.02995140093081776,172.0,0.7257383966244726
221,78.0,0.012658227848101266,0.02558792771992429,172.0,0.7257383966244726
222,78.0,0.012658227848101266,0.030831925929008394,172.0,0.7257383966244726
223,78.0,0.012658227848101266,0.031266658501408154,172.0,0.7257383966244726
224,78.0,0.012658227848101266,0.03424286473760703,172.0,0.7257383966244726
225,78.0,0.012658227848101266,0.03661180519521594,172.0,0.7257383966244726
226,78.0,0.012658227848101266,0.027104527225252365,172.0,0.7257383966244726
227,78.0,0.012658227848101266,0.03127548560348903,172.0,0.7257383966244726
228,78.0,0.012658227848101266,0.03179371810040361,172.0,0.7257383966244726
229,78.0,0.012658227848101266,0.02729356947868174,172.0,0.7257383966244726
230,78.0,0.012658227848101266,0.03170071781798268,172.0,0.7257383966244726
231,78.0,0.012658227848101266,0.02963965393904649,172.0,0.7257383966244726
232,78.0,0.012658227848101266,0.027787708551136367,172.0,0.7257383966244726
233,78.0,0.012658227848101266,0.026829754940814996,172.0,0.7257383966244726
234,78.0,0.012658227848101266,0.03212300845731205,172.0,0.7257383966244726
235,78.0,0.012658227848101266,0.027625361424423265,172.0,0.7257383966244726
236,78.0,0.012658227848101266,0.028764301178058553,172.0,0.7257383966244726
237,78.0,0.012658227848101266,0.0391992172379436,172.0,0.7257383966244726
238,78.0,0.012658227848101266,0.03161997186835084,172.0,0.7257383966244726
239,78.0,0.012658227848101266,0.034775583307219214,172.0,0.7257383966244726
240,78.0,0.012658227848101266,0.03291799850624788,172.0,0.7257383966244726
241,78.0,0.012658227848101266,0.030538280318666698,172.0,0.7257383966244726
242,78.0,0.012658227848101266,0.031627056988943504,172.0,0.7257383966244726
243,78.0,0.012658227848101266,0.02993944595494084,172.0,0.7257383966244726
244,78.0,0.012658227848101266,0.030535216960501762,172.0,0.7257383966244726
245,78.0,0.012658227848101266,0.029574876377178073,172.0,0.7257383966244726
246,78.0,0.012658227848101266,0.03540367070187608,172.0,0.7257383966244726
247,78.0,0.012658227848101266,0.029194530790963957,172.0,0.7257383966244726
248,78.0,0.012658227848101266,0.04156934488330712,172.0,0.7257383966244726
249,78.0,0.012658227848101266,0.0643850268149047,172.0,0.7257383966244726
250,78.0,0.012658227848101266,0.03885550533257138,172.0,0.7257383966244726
251,78.0,0.012658227848101266,0.03980159190559138,172.0,0.7257383966244726
252,78.0,0.012658227848101266,0.0350642520068479,172.0,0.7257383966244726
253,78.0,0.012658227848101266,0.036654506828573415,172.0,0.7257383966244726
254,78.0,0.012658227848101266,0.031768939818274104,172.0,0.7257383966244726
255,78.0,0.012658227848101266,0.03697913895513481,172.0,0.7257383966244726
256,78.0,0.012658227848101266,0.029612617969614296,172.0,0.7257383966244726
257,78.0,0.012658227848101266,0.030320051193564013,172.0,0.7257383966244726
258,78.0,0.012658227848101266,0.03257235506600012,172.0,0.7257383966244726
259,78.0,0.012658227848101266,0.028911822440728683,172.0,0.7257383966244726
260,78.0,0.012658227848101266,0.030504477502203132,172.0,0.7257383966244726
261,78.0,0.012658227848101266,0.02533240825748692,172.0,0.7257383966244726
262,78.0,0.012658227848101266,0.030617905626509734,172.0,0.7257383966244726
263,78.0,0.012658227848101266,0.03252409933264086,172.0,0.7257383966244726
264,78.0,0.012658227848101266,0.03246951991854623,172.0,0.7257383966244726
265,78.0,0.012658227848101266,0.027497117225529517,172.0,0.7257383966244726
266,78.0,0.012658227848101266,0.02979123165323618,172.0,0.7257383966244726
267,78.0,0.012658227848101266,0.03269053845238744,172.0,0.7257383966244726
268,78.0,0.012658227848101266,0.03145639720622898,172.0,0.7257383966244726
269,78.0,0.012658227848101266,0.04320166065063989,172.0,0.7257383966244726
270,78.0,0.012658227848101266,0.03644409878109556,172.0,0.7257383966244726
271,78.0,0.012658227848101266,0.033168018568759665,172.0,0.7257383966244726
272,78.0,0.012658227848101266,0.029589207489515396,172.0,0.7257383966244726
273,78.0,0.012658227848101266,0.030170554302326,172.0,0.7257383966244726
274,78.0,0.012658227848101266,0.0345614033283478,172.0,0.7257383966244726
275,78.0,0.012658227848101266,0.03128670696893544,172.0,0.7257383966244726
276,78.0,0.012658227848101266,0.03281079583021833,172.0,0.7257383966244726
277,78.0,0.012658227848101266,0.03694525576110108,172.0,0.7257383966244726
278,78.0,0.012658227848101266,0.028008165903926876,172.0,0.7257383966244726
279,78.0,0.012658227848101266,0.02917059814330325,172.0,0.7257383966244726
280,78.0,0.012658227848101266,0.030113511726959318,172.0,0.7257383966244726
281,78.0,0.012658227848101266,0.031141658952967978,172.0,0.7257383966244726
282,78.0,0.012658227848101266,0.03096238359833323,172.0,0.7257383966244726
283,78.0,0.012658227848101266,0.03202004156578985,172.0,0.7257383966244726
284,78.0,0.012658227848101266,0.031753829785386774,172.0,0.7257383966244726
285,78.0,0.012658227848101266,0.02988972320514226,172.0,0.7257383966244726
286,78.0,0.012658227848101266,0.03049246257523874,172.0,0.7257383966244726
287,78.0,0.012658227848101266,0.029711737306037735,172.0,0.7257383966244726
288,78.0,0.012658227848101266,0.030326056184216653,172.0,0.7257383966244726
289,78.0,0.012658227848101266,0.03422580239649865,172.0,0.7257383966244726
290,78.0,0.012658227848101266,0.03157278487260246,172.0,0.7257383966244726
291,78.0,0.012658227848101266,0.038418547785372334,172.0,0.7257383966244726
292,78.0,0.012658227848101266,0.03199561374621821,172.0,0.7257383966244726
293,78.0,0.012658227848101266,0.03922932630567507,172.0,0.7257383966244726
294,78.0,0.012658227848101266,0.04347690483474873,172.0,0.7257383966244726
295,78.0,0.012658227848101266,0.03355870069235095,172.0,0.7257383966244726
296,78.0,0.012658227848101266,0.03047138691865312,172.0,0.7257383966244726
297,78.0,0.012658227848101266,0.03456038851964676,172.0,0.7257383966244726
298,78.0,0.012658227848101266,0.03262382952978907,172.0,0.7257383966244726
299,78.0,0.012658227848101266,0.029492882507526214,172.0,0.7257383966244726
300,78.0,0.012658227848101266,0.026985160521228756,172.0,0.7257383966244726
301,78.0,0.012658227848101266,0.028448029113008325,172.0,0.7257383966244726
302,78.0,0.012658227848101266,0.03808587047353281,172.0,0.7257383966244726
303,78.0,0.012658227848101266,0.03303686167113093,172.0,0.7257383966244726
304,78.0,0.012658227848101266,0.026686235615515995,172.0,0.7257383966244726
305,78.0,0.012658227848101266,0.03440228449550501,172.0,0.7257383966244726
306,78.0,0.012658227848101266,0.02889152722640302,172.0,0.7257383966244726
307,78.0,0.012658227848101266,0.029042276246160972,172.0,0.7257383966244726
308,78.0,0.012658227848101266,0.031242995799964698,172.0,0.7257383966244726
309,78.0,0.012658227848101266,0.029915301012978106,172.0,0.7257383966244726
310,78.0,0.012658227848101266,0.041243170834629035,172.0,0.7257383966244726
311,78.0,0.012658227848101266,0.033238491222053544,172.0,0.7257383966244726
312,78.0,0.012658227848101266,0.042656485634372104,172.0,0.7257383966244726
313,78.0,0.012658227848101266,0.03319185032004267,172.0,0.7257383966244726
314,78.0,0.012658227848101266,0.026883202184432988,172.0,0.7257383966244726
315,78.0,0.012658227848101266,0.030474330994638657,172.0,0.7257383966244726
316,78.0,0.012658227848101266,0.029862010163550393,172.0,0.7257383966244726
317,78.0,0.012658227848101266,0.029543425752512436,172.0,0.7257383966244726
318,78.0,0.012658227848101266,0.03406879865648473,172.0,0.7257383966244726
319,78.0,0.012658227848101266,0.035914273372873354,172.0,0.7257383966244726
320,78.0,0.012658227848101266,0.02994178001994032,172.0,0.7257383966244726
321,78.0,0.012658227848101266,0.03318860182296541,172.0,0.7257383966244726
322,78.0,0.012658227848101266,0.030697744023697852,172.0,0.7257383966244726
323,78.0,0.012658227848101266,0.030373085912427704,172.0,0.7257383966244726
324,78.0,0.012658227848101266,0.03780804491676808,172.0,0.7257383966244726
325,78.0,0.012658227848101266,0.029809721148068475,172.0,0.7257383966244726
326,78.0,0.012658227848101266,0.029501824214698186,172.0,0.7257383966244726
327,78.0,0.012658227848101266,0.028388344826943766,172.0,0.7257383966244726
328,78.0,0.012658227848101266,0.030777305413836907,172.0,0.7257383966244726
329,78.0,0.012658227848101266,0.03068531114966878,172.0,0.7257383966244726
330,78.0,0.012658227848101266,0.033482738162993415,172.0,0.7257383966244726
331,78.0,0.012658227848101266,0.035247889241564544,172.0,0.7257383966244726
332,78.0,0.012658227848101266,0.027454751026485497,172.0,0.7257383966244726
333,78.0,0.012658227848101266,0.03176785357699518,172.0,0.7257383966244726
334,78.0,0.012658227848101266,0.031167099477487935,172.0,0.7257383966244726
335,78.0,0.012658227848101266,0.03154447431238945,172.0,0.7257383966244726
336,78.0,0.012658227848101266,0.0304756370501998,172.0,0.7257383966244726
337,78.0,0.012658227848101266,0.026323087479116037,172.0,0.7257383966244726
338,78.0,0.012658227848101266,0.034897852709363526,172.0,0.7257383966244726
339,78.0,0.012658227848101266,0.03576189834104913,172.0,0.7257383966244726
340,78.0,0.012658227848101266,0.05246358171840842,172.0,0.7257383966244726
341,78.0,0.012658227848101266,0.04370636939218779,172.0,0.7257383966244726
342,78.0,0.012658227848101266,0.0355582085272276,172.0,0.7257383966244726
343,78.0,0.012658227848101266,0.031948915807319636,172.0,0.7257383966244726
344,78.0,0.012658227848101266,0.026597507653553388,172.0,0.7257383966244726
345,78.0,0.012658227848101266,0.02727135079194404,172.0,0.7257383966244726
346,78.0,0.012658227848101266,0.028914843906900505,172.0,0.7257383966244726
347,78.0,0.012658227848101266,0.03038517245110302,172.0,0.7257383966244726
348,78.0,0.012658227848101266,0.02790449109559387,172.0,0.7257383966244726
349,78.0,0.012658227848101266,0.032094700267941076,172.0,0.7257383966244726
350,78.0,0.012658227848101266,0.030674675769789713,172.0,0.7257383966244726
351,78.0,0.012658227848101266,0.02903374850531564,172.0,0.7257383966244726
352,78.0,0.012658227848101266,0.033658659463225556,172.0,0.7257383966244726
353,78.0,0.012658227848101266,0.033470479491951304,172.0,0.7257383966244726
354,78.0,0.012658227848101266,0.03514559267731115,172.0,0.7257383966244726
355,78.0,0.012658227848101266,0.02961343692987509,172.0,0.7257383966244726
356,78.0,0.012658227848101266,0.030509757457266272,172.0,0.7257383966244726
357,78.0,0.012658227848101266,0.031605951000446546,172.0,0.7257383966244726
358,78.0,0.012658227848101266,0.03807952397683973,172.0,0.7257383966244726
359,78.0,0.012658227848101266,0.03511684385232862,172.0,0.7257383966244726
360,78.0,0.012658227848101266,0.031023116064336637,172.0,0.7257383966244726
361,78.0,0.012658227848101266,0.035462972254052906,172.0,0.7257383966244726
362,78.0,0.012658227848101266,0.03185537264547992,172.0,0.7257383966244726
363,78.0,0.012658227848101266,0.03596557068799464,172.0,0.7257383966244726
364,78.0,0.012658227848101266,0.031106475819495886,172.0,0.7257383966244726
365,78.0,0.012658227848101266,0.0320538896132419,172.0,0.7257383966244726
366,78.0,0.012658227848101266,0.03487715143879341,172.0,0.7257383966244726
367,78.0,0.012658227848101266,0.03220776088493991,172.0,0.7257383966244726
368,78.0,0.012658227848101266,0.028334942485356313,172.0,0.7257383966244726
369,78.0,0.012658227848101266,0.03324285548007532,172.0,0.7257383966244726
370,78.0,0.012658227848101266,0.025698993634490838,172.0,0.7257383966244726
371,76.0,0.012987012987012988,0.03340926481537542,177.0,0.7468354430379747
372,76.0,0.012987012987012988,0.033090525292011154,177.0,0.7468354430379747
373,76.0,0.012987012987012988,0.0316022961883808,177.0,0.7468354430379747
374,78.0,0.012658227848101266,0.0302342580378138,172.0,0.7257383966244726
375,78.0,0.012658227848101266,0.03208594510976456,172.0,0.7257383966244726
376,78.0,0.012658227848101266,0.03616386995895374,172.0,0.7257383966244726
377,78.0,0.012658227848101266,0.030769937817780882,175.0,0.7383966244725738
378,78.0,0.012658227848101266,0.026703341588155828,175.0,0.7383966244725738
379,78.0,0.012658227848101266,0.02684155211257485,175.0,0.7383966244725738
380,78.0,0.012658227848101266,0.03148883501281168,172.0,0.7257383966244726
381,78.0,0.012658227848101266,0.029200109153477573,172.0,0.7257383966244726
382,78.0,0.012658227848101266,0.025331301563097423,172.0,0.7257383966244726
383,78.0,0.012658227848101266,0.03631263084446833,172.0,0.7257383966244726
384,78.0,0.012658227848101266,0.03442072168722849,172.0,0.7257383966244726
385,78.0,0.012658227848101266,0.03161072229077951,172.0,0.7257383966244726
386,78.0,0.012658227848101266,0.029194104711132502,172.0,0.7257383966244726
387,78.0,0.012658227848101266,0.030418385219520245,172.0,0.7257383966244726
388,78.0,0.012658227848101266,0.03691694697321551,172.0,0.7257383966244726
389,78.0,0.012658227848101266,0.029034935469273628,175.0,0.7383966244725738
390,78.0,0.012658227848101266,0.028145021822153476,172.0,0.7257383966244726
391,78.0,0.012658227848101266,0.025631788857607675,175.0,0.7383966244725738
392,78.0,0.012658227848101266,0.030485176637414044,172.0,0.7257383966244726
393,78.0,0.012658227848101266,0.030293039734976563,175.0,0.7383966244725738
394,78.0,0.012658227848101266,0.029363885485050877,172.0,0.7257383966244726
395,78.0,0.012658227848101266,0.045220390480621535,172.0,0.7257383966244726
396,78.0,0.012658227848101266,0.033972905355785024,172.0,0.7257383966244726
397,78.0,0.012658227848101266,0.030233431797427004,172.0,0.7257383966244726
398,78.0,0.012658227848101266,0.032953597971372935,172.0,0.7257383966244726
399,78.0,0.012658227848101266,0.027664640395739702,172.0,0.7257383966244726
400,78.0,0.012658227848101266,0.03522197605212589,172.0,0.7257383966244726
401,78.0,0.012658227848101266,0.03268533275408172,172.0,0.7257383966244726
402,78.0,0.012658227848101266,0.032108915636204736,172.0,0.7257383966244726
403,78.0,0.012658227848101266,0.031725801637489365,175.0,0.7383966244725738
404,78.0,0.012658227848101266,0.029962634735066787,172.0,0.7257383966244726
405,78.0,0.012658227848101266,0.03200691596100232,172.0,0.7257383966244726
406,78.0,0.012658227848101266,0.03776445899239037,172.0,0.7257383966244726
407,78.0,0.012658227848101266,0.026287436451939337,172.0,0.7257383966244726
408,78.0,0.012658227848101266,0.026597115426812878,172.0,0.7257383966244726
409,78.0,0.012658227848101266,0.030201035169918775,172.0,0.7257383966244726
410,78.0,0.012658227848101266,0.03757087276363867,172.0,0.7257383966244726
411,78.0,0.012658227848101266,0.033257166649962415,172.0,0.7257383966244726
412,78.0,0.012658227848101266,0.02780809462492265,172.0,0.7257383966244726
413,78.0,0.012658227848101266,0.0329684571263474,172.0,0.7257383966244726
414,78.0,0.012658227848101266,0.02884109919278943,172.0,0.7257383966244726
415,78.0,0.012658227848101266,0.028344070143327044,172.0,0.7257383966244726
416,78.0,0.012658227848101266,0.029603200307147783,172.0,0.7257383966244726
417,78.0,0.012658227848101266,0.03191846059964673,172.0,0.7257383966244726
418,78.0,0.012658227848101266,0.02910219029268909,172.0,0.7257383966244726
419,78.0,0.012658227848101266,0.026889446477266144,172.0,0.7257383966244726
420,78.0,0.012658227848101266,0.028848905481018285,172.0,0.7257383966244726
421,78.0,0.012658227848101266,0.033595821116141546,172.0,0.7257383966244726
422,78.0,0.012658227848101266,0.02836796904142837,172.0,0.7257383966244726
423,78.0,0.012658227848101266,0.034788097143223486,172.0,0.7257383966244726
424,78.0,0.012658227848101266,0.03235611702586054,172.0,0.7257383966244726
425,78.0,0.012658227848101266,0.03312168202612497,172.0,0.7257383966244726
426,78.0,0.012658227848101266,0.0333356006958326,172.0,0.7257383966244726
427,78.0,0.012658227848101266,0.035325077764548594,172.0,0.7257383966244726
428,78.0,0.012658227848101266,0.03145013719839116,172.0,0.7257383966244726
429,78.0,0.012658227848101266,0.037816564487739804,172.0,0.7257383966244726
430,78.0,0.012658227848101266,0.03213405749978655,172.0,0.7257383966244726
431,78.0,0.012658227848101266,0.026826094449275428,172.0,0.7257383966244726
432,78.0,0.012658227848101266,0.032374856100666184,172.0,0.7257383966244726
433,78.0,0.012658227848101266,0.034626623760524035,172.0,0.7257383966244726
434,78.0,0.012658227848101266,0.02913895732448658,172.0,0.7257383966244726
435,78.0,0.012658227848101266,0.03785281757030178,172.0,0.7257383966244726
436,78.0,0.012658227848101266,0.034163235031257885,172.0,0.7257383966244726
437,78.0,0.012658227848101266,0.02697136396274234,172.0,0.7257383966244726
438,78.0,0.012658227848101266,0.02883997260649126,172.0,0.7257383966244726
439,78.0,0.012658227848101266,0.030561480938494808,172.0,0.7257383966244726
440,78.0,0.012658227848101266,0.032489675252264726,172.0,0.7257383966244726
441,78.0,0.012658227848101266,0.029190824881503246,172.0,0.7257383966244726
442,78.0,0.012658227848101266,0.03441606107651866,172.0,0.7257383966244726
443,78.0,0.012658227848101266,0.028289499635374745,172.0,0.7257383966244726
444,78.0,0.012658227848101266,0.0294438279266313,172.0,0.7257383966244726
445,78.0,0.012658227848101266,0.031892465903622325,172.0,0.7257383966244726
446,78.0,0.012658227848101266,0.03075769939665729,172.0,0.7257383966244726
447,78.0,0.012658227848101266,0.02649367882023152,172.0,0.7257383966244726
448,78.0,0.012658227848101266,0.027569033816767147,172.0,0.7257383966244726
449,78.0,0.012658227848101266,0.03810093453265816,172.0,0.7257383966244726
450,78.0,0.012658227848101266,0.034117651773759854,172.0,0.7257383966244726
451,78.0,0.012658227848101266,0.03466932734218736,172.0,0.7257383966244726
452,78.0,0.012658227848101266,0.03746415831363993,172.0,0.7257383966244726
453,78.0,0.012658227848101266,0.04112697312140405,172.0,0.7257383966244726
454,78.0,0.012658227848101266,0.0342345155263941,172.0,0.7257383966244726
455,78.0,0.012658227848101266,0.03300592186437375,172.0,0.7257383966244726
456,78.0,0.012658227848101266,0.036208505207969977,172.0,0.7257383966244726
457,78.0,0.012658227848101266,0.03439280058604129,172.0,0.7257383966244726
458,78.0,0.012658227848101266,0.030738161504498845,172.0,0.7257383966244726
459,78.0,0.012658227848101266,0.035513687746498754,172.0,0.7257383966244726
460,78.0,0.012658227848101266,0.032189919834436836,172.0,0.7257383966244726
461,78.0,0.012658227848101266,0.02824852087136515,172.0,0.7257383966244726
462,78.0,0.012658227848101266,0.027110703544293638,172.0,0.7257383966244726
463,78.0,0.012658227848101266,0.03560462517285724,172.0,0.7257383966244726
464,78.0,0.012658227848101266,0.03044484488028655,172.0,0.7257383966244726
465,78.0,0.012658227848101266,0.024718094179778077,172.0,0.7257383966244726
466,78.0,0.012658227848101266,0.03557556926480593,172.0,0.7257383966244726
467,78.0,0.012658227848101266,0.03023062232163437,172.0,0.7257383966244726
468,78.0,0.012658227848101266,0.033764805705110604,172.0,0.7257383966244726
469,78.0,0.012658227848101266,0.030586843579075047,172.0,0.7257383966244726
470,78.0,0.012658227848101266,0.030927805425208607,172.0,0.7257383966244726
471,78.0,0.012658227848101266,0.03053046243536091,172.0,0.7257383966244726
472,78.0,0.012658227848101266,0.03307552372360058,172.0,0.7257383966244726
473,78.0,0.012658227848101266,0.03300933446050814,172.0,0.7257383966244726
474,78.0,0.012658227848101266,0.03371284919327819,172.0,0.7257383966244726
475,78.0,0.012658227848101266,0.03357060430479576,172.0,0.7257383966244726
476,78.0,0.012658227848101266,0.03140541347111064,172.0,0.7257383966244726
477,78.0,0.012658227848101266,0.026903040526797727,172.0,0.7257383966244726
478,78.0,0.012658227848101266,0.03308920081449899,172.0,0.7257383966244726
479,78.0,0.012658227848101266,0.030137840455898787,172.0,0.7257383966244726
480,78.0,0.012658227848101266,0.029538674388947247,172.0,0.7257383966244726
481,78.0,0.012658227848101266,0.031182177733626082,172.0,0.7257383966244726
482,78.0,0.012658227848101266,0.027000096654926874,172.0,0.7257383966244726
483,78.0,0.012658227848101266,0.030041784253959744,172.0,0.7257383966244726
484,78.0,0.012658227848101266,0.02666375984610807,172.0,0.7257383966244726
485,78.0,0.012658227848101266,0.03249417797049072,172.0,0.7257383966244726
486,78.0,0.012658227848101266,0.031743951380093206,172.0,0.7257383966244726
487,78.0,0.012658227848101266,0.027019637140466315,172.0,0.7257383966244726
488,78.0,0.012658227848101266,0.03484517491964933,172.0,0.7257383966244726
489,78.0,0.012658227848101266,0.03784395901661689,172.0,0.7257383966244726
490,78.0,0.012658227848101266,0.03393533787635926,172.0,0.7257383966244726
491,78.0,0.012658227848101266,0.03315371022841206,172.0,0.7257383966244726
492,78.0,0.012658227848101266,0.02785508367536248,172.0,0.7257383966244726
493,78.0,0.012658227848101266,0.03259379153724767,172.0,0.7257383966244726
494,78.0,0.012658227848101266,0.03400600703134479,172.0,0.7257383966244726
495,78.0,0.012658227848101266,0.031592243730542126,172.0,0.7257383966244726
496,78.0,0.012658227848101266,0.03955421959930135,172.0,0.7257383966244726
497,78.0,0.012658227848101266,0.038956468946571114,172.0,0.7257383966244726
498,78.0,0.012658227848101266,0.035108969917659064,172.0,0.7257383966244726
499,78.0,0.012658227848101266,0.03316053911344291,172.0,0.7257383966244726
500,78.0,0.012658227848101266,0.026329899295454404,172.0,0.7257383966244726
501,78.0,0.012658227848101266,0.03843788336636907,172.0,0.7257383966244726
502,78.0,0.012658227848101266,0.03739267185066973,172.0,0.7257383966244726
503,78.0,0.012658227848101266,0.029637825047856312,172.0,0.7257383966244726
504,78.0,0.012658227848101266,0.03822425043181582,172.0,0.7257383966244726
505,78.0,0.012658227848101266,0.03142553124918362,172.0,0.7257383966244726
506,78.0,0.012658227848101266,0.030448004350394086,172.0,0.7257383966244726
507,78.0,0.012658227848101266,0.02987557736049761,172.0,0.7257383966244726
508,78.0,0.012658227848101266,0.02899351160520423,172.0,0.7257383966244726
509,78.0,0.012658227848101266,0.028626787255331996,172.0,0.7257383966244726
510,78.0,0.012658227848101266,0.027777539516925038,172.0,0.7257383966244726
511,78.0,0.012658227848101266,0.028341053841853283,172.0,0.7257383966244726
512,78.0,0.012658227848101266,0.025458259210103317,172.0,0.7257383966244726
513,78.0,0.012658227848101266,0.02380324312571538,172.0,0.7257383966244726
514,78.0,0.012658227848101266,0.03198574652869983,172.0,0.7257383966244726
515,78.0,0.012658227848101266,0.026249902563891904,172.0,0.7257383966244726
516,78.0,0.012658227848101266,0.034132641051800895,172.0,0.7257383966244726
517,78.0,0.012658227848101266,0.03248478757941926,172.0,0.7257383966244726
518,78.0,0.012658227848101266,0.030032829392710025,172.0,0.7257383966244726
519,78.0,0.012658227848101266,0.029530357221633715,172.0,0.7257383966244726
520,78.0,0.012658227848101266,0.026436047706691192,172.0,0.7257383966244726
521,78.0,0.012658227848101266,0.0300908902985592,172.0,0.7257383966244726
522,78.0,0.012658227848101266,0.03566294126500222,172.0,0.7257383966244726
523,78.0,0.012658227848101266,0.03302696298396261,172.0,0.7257383966244726
524,78.0,0.012658227848101266,0.039559625086636664,172.0,0.7257383966244726
525,78.0,0.012658227848101266,0.031068237903264816,172.0,0.7257383966244726
526,78.0,0.012658227848101266,0.030859594372127926,172.0,0.7257383966244726
527,78.0,0.012658227848101266,0.031839555496500596,172.0,0.7257383966244726
528,78.0,0.012658227848101266,0.03366684316369348,172.0,0.7257383966244726
529,78.0,0.012658227848101266,0.030995495088007963,172.0,0.7257383966244726
530,78.0,0.012658227848101266,0.0318084530161757,172.0,0.7257383966244726
531,78.0,0.012658227848101266,0.029277735209743503,172.0,0.7257383966244726
532,78.0,0.012658227848101266,0.04184408957510504,172.0,0.7257383966244726
533,78.0,0.012658227848101266,0.03159760946624187,172.0,0.7257383966244726
534,78.0,0.012658227848101266,0.02958081739064742,172.0,0.7257383966244726
535,78.0,0.012658227848101266,0.03183532349988871,172.0,0.7257383966244726
536,78.0,0.012658227848101266,0.03652281460062717,172.0,0.7257383966244726
537,78.0,0.012658227848101266,0.0312701852984867,172.0,0.7257383966244726
538,78.0,0.012658227848101266,0.034082512214635124,172.0,0.7257383966244726
539,78.0,0.012658227848101266,0.03260548916720302,172.0,0.7257383966244726
540,78.0,0.012658227848101266,0.03653109757460925,172.0,0.7257383966244726
541,78.0,0.012658227848101266,0.03865447903674015,172.0,0.7257383966244726
542,78.0,0.012658227848101266,0.029657735259940053,172.0,0.7257383966244726
543,78.0,0.012658227848101266,0.029680907683370072,172.0,0.7257383966244726
544,78.0,0.012658227848101266,0.030787398333343964,172.0,0.7257383966244726
545,77.0,0.01282051282051282,0.028203562548569726,179.0,0.7552742616033755
546,77.0,0.01282051282051282,0.029170566319848452,179.0,0.7552742616033755
547,77.0,0.01282051282051282,0.024867148186094336,179.0,0.7552742616033755
548,77.0,0.01282051282051282,0.027763858676872755,179.0,0.7552742616033755
549,77.0,0.01282051282051282,0.038522238914061376,179.0,0.7552742616033755
550,77.0,0.01282051282051282,0.03672847091597969,179.0,0.7552742616033755
551,77.0,0.01282051282051282,0.03196612476864943,179.0,0.7552742616033755
552,77.0,0.01282051282051282,0.033238559960311456,179.0,0.7552742616033755
553,77.0,0.01282051282051282,0.036369004674199096,179.0,0.7552742616033755
554,77.0,0.01282051282051282,0.037558621627457905,179.0,0.7552742616033755
555,77.0,0.01282051282051282,0.03177722409904262,179.0,0.7552742616033755
556,77.0,0.01282051282051282,0.0328708457118628,179.0,0.7552742616033755
557,77.0,0.01282051282051282,0.027691784259819188,179.0,0.7552742616033755
558,77.0,0.01282051282051282,0.03516175620381875,179.0,0.7552742616033755
559,77.0,0.01282051282051282,0.028671725602702095,179.0,0.7552742616033755
560,77.0,0.01282051282051282,0.028072488873676662,179.0,0.7552742616033755
561,77.0,0.01282051282051282,0.030741788013180463,179.0,0.7552742616033755
562,77.0,0.01282051282051282,0.029657227387406775,179.0,0.7552742616033755
563,77.0,0.01282051282051282,0.030894335202717296,179.0,0.7552742616033755
564,77.0,0.01282051282051282,0.03125498022909381,179.0,0.7552742616033755
565,77.0,0.01282051282051282,0.03414628721332543,179.0,0.7552742616033755
566,77.0,0.01282051282051282,0.03334138167104392,179.0,0.7552742616033755
567,77.0,0.01282051282051282,0.02897286988006309,179.0,0.7552742616033755
568,77.0,0.01282051282051282,0.03969629002409263,179.0,0.7552742616033755
569,77.0,0.01282051282051282,0.03195396631309742,179.0,0.7552742616033755
570,77.0,0.01282051282051282,0.031547929287640296,179.0,0.7552742616033755
571,77.0,0.01282051282051282,0.03692253803720248,179.0,0.7552742616033755
572,77.0,0.01282051282051282,0.033575584997555356,179.0,0.7552742616033755
573,77.0,0.01282051282051282,0.02747925619856387,179.0,0.7552742616033755
574,77.0,0.01282051282051282,0.029502521971990308,179.0,0.7552742616033755
575,77.0,0.01282051282051282,0.025955934054466712,179.0,0.7552742616033755
576,74.0,0.013333333333333334,0.026720120061150345,179.0,0.7552742616033755
577,74.0,0.013333333333333334,0.030639849354993434,179.0,0.7552742616033755
578,74.0,0.013333333333333334,0.032072378293198145,179.0,0.7552742616033755
579,74.0,0.013333333333333334,0.028746120771471116,179.0,0.7552742616033755
580,74.0,0.013333333333333334,0.03441559053169172,179.0,0.7552742616033755
581,74.0,0.013333333333333334,0.030566366263127996,179.0,0.7552742616033755
582,69.0,0.014285714285714285,0.029788982752287797,184.0,0.7763713080168776
583,69.0,0.014285714285714285,0.03257512131212958,184.0,0.7763713080168776
584,69.0,0.014285714285714285,0.029430183452595005,184.0,0.7763713080168776
585,69.0,0.014285714285714285,0.03051787848594657,184.0,0.7763713080168776
586,69.0,0.014285714285714285,0.028847197334712762,184.0,0.7763713080168776
587,69.0,0.014285714285714285,0.025661794948238573,184.0,0.7763713080168776
588,69.0,0.014285714285714285,0.030733861954646106,184.0,0.7763713080168776
589,69.0,0.014285714285714285,0.03648087154181779,184.0,0.7763713080168776
590,69.0,0.014285714285714285,0.025495210158074707,184.0,0.7763713080168776
591,69.0,0.014285714285714285,0.03461765788633861,184.0,0.7763713080168776
592,69.0,0.014285714285714285,0.03007703832785858,184.0,0.7763713080168776
593,69.0,0.014285714285714285,0.030655687483928717,184.0,0.7763713080168776
594,69.0,0.014285714285714285,0.03531042235850754,184.0,0.7763713080168776
595,69.0,0.014285714285714285,0.027395812117530453,184.0,0.7763713080168776
596,69.0,0.014285714285714285,0.03010562586030821,184.0,0.7763713080168776
597,69.0,0.014285714285714285,0.028769866509998646,184.0,0.7763713080168776
598,69.0,0.014285714285714285,0.026426586307227436,184.0,0.7763713080168776
599,69.0,0.014285714285714285,0.0328995475678362,184.0,0.7763713080168776
600,69.0,0.014285714285714285,0.030024956531706375,184.0,0.7763713080168776
601,69.0,0.014285714285714285,0.027768320692637048,184.0,0.7763713080168776
602,69.0,0.014285714285714285,0.03638065174989806,184.0,0.7763713080168776
603,69.0,0.014285714285714285,0.03093564708148141,184.0,0.7763713080168776
604,69.0,0.014285714285714285,0.03493236210864571,184.0,0.7763713080168776
605,69.0,0.014285714285714285,0.031233764947082476,184.0,0.7763713080168776
606,69.0,0.014285714285714285,0.025149732665794202,184.0,0.7763713080168776
607,69.0,0.014285714285714285,0.030944516465254417,184.0,0.7763713080168776
608,69.0,0.014285714285714285,0.029898892156632537,184.0,0.7763713080168776
609,69.0,0.014285714285714285,0.028682334040440176,184.0,0.7763713080168776
610,69.0,0.014285714285714285,0.03460044806366339,184.0,0.7763713080168776
611,69.0,0.014285714285714285,0.031784243612681846,184.0,0.7763713080168776
612,69.0,0.014285714285714285,0.030558218498295844,184.0,0.7763713080168776
613,69.0,0.014285714285714285,0.03706691790718917,184.0,0.7763713080168776
614,69.0,0.014285714285714285,0.0314576468019502,184.0,0.7763713080168776
615,69.0,0.014285714285714285,0.037920547677373365,184.0,0.7763713080168776
616,69.0,0.014285714285714285,0.03484160294704734,184.0,0.7763713080168776
617,69.0,0.014285714285714285,0.03454013026437824,184.0,0.7763713080168776
618,69.0,0.014285714285714285,0.03084417149218471,184.0,0.7763713080168776
619,69.0,0.014285714285714285,0.03963627824369841,184.0,0.7763713080168776
620,69.0,0.014285714285714285,0.03344409268411203,184.0,0.7763713080168776
621,69.0,0.014285714285714285,0.034504740461360144,184.0,0.7763713080168776
622,69.0,0.014285714285714285,0.02793323205532134,184.0,0.7763713080168776
623,69.0,0.014285714285714285,0.029222148773618933,184.0,0.7763713080168776
624,69.0,0.014285714285714285,0.02944976860817427,184.0,0.7763713080168776
625,69.0,0.014285714285714285,0.038922619176195786,184.0,0.7763713080168776
626,69.0,0.014285714285714285,0.038763281890192416,184.0,0.7763713080168776
627,69.0,0.014285714285714285,0.026031692725528462,184.0,0.7763713080168776
628,69.0,0.014285714285714285,0.035829971228542354,184.0,0.7763713080168776
629,69.0,0.014285714285714285,0.03386537635201402,184.0,0.7763713080168776
630,69.0,0.014285714285714285,0.03310681170176094,184.0,0.7763713080168776
631,69.0,0.014285714285714285,0.02968796896999295,184.0,0.7763713080168776
632,69.0,0.014285714285714285,0.03180882209725169,184.0,0.7763713080168776
633,69.0,0.014285714285714285,0.03719080128668196,184.0,0.7763713080168776
634,69.0,0.014285714285714285,0.035209200774838766,184.0,0.7763713080168776
635,69.0,0.014285714285714285,0.03376227379358541,184.0,0.7763713080168776
636,69.0,0.014285714285714285,0.030153871935136013,184.0,0.7763713080168776
637,69.0,0.014285714285714285,0.031655667586066145,184.0,0.7763713080168776
638,69.0,0.014285714285714285,0.033829477129442294,184.0,0.7763713080168776
639,69.0,0.014285714285714285,0.029838817322000895,184.0,0.7763713080168776
640,69.0,0.014285714285714285,0.031160444705858246,184.0,0.7763713080168776
641,69.0,0.014285714285714285,0.02953821116823938,184.0,0.7763713080168776
642,69.0,0.014285714285714285,0.03524914197137455,184.0,0.7763713080168776
643,69.0,0.014285714285714285,0.03547853549470671,184.0,0.7763713080168776
644,69.0,0.014285714285714285,0.03425060342039107,184.0,0.7763713080168776
645,69.0,0.014285714285714285,0.032435539537918244,184.0,0.7763713080168776
646,69.0,0.014285714285714285,0.032272097138105166,184.0,0.7763713080168776
647,69.0,0.014285714285714285,0.03564239510565322,184.0,0.7763713080168776
648,69.0,0.014285714285714285,0.028189919357601775,184.0,0.7763713080168776
649,69.0,0.014285714285714285,0.03319506783042395,184.0,0.7763713080168776
650,69.0,0.014285714285714285,0.038129539350597444,184.0,0.7763713080168776
651,69.0,0.014285714285714285,0.02867624274588383,184.0,0.7763713080168776
652,69.0,0.014285714285714285,0.03165651052251328,184.0,0.7763713080168776
653,69.0,0.014285714285714285,0.026998799409094474,184.0,0.7763713080168776
654,69.0,0.014285714285714285,0.032189087199770774,184.0,0.7763713080168776
655,69.0,0.014285714285714285,0.038177244428136296,184.0,0.7763713080168776
656,69.0,0.014285714285714285,0.03062967845472478,184.0,0.7763713080168776
657,69.0,0.014285714285714285,0.026815279396388756,184.0,0.7763713080168776
658,69.0,0.014285714285714285,0.03288038302766891,184.0,0.7763713080168776
659,69.0,0.014285714285714285,0.031454376940096805,184.0,0.7763713080168776
660,69.0,0.014285714285714285,0.030929583877695344,184.0,0.7763713080168776
661,69.0,0.014285714285714285,0.035349157052053944,184.0,0.7763713080168776
662,69.0,0.014285714285714285,0.03489082630188416,184.0,0.7763713080168776
663,69.0,0.014285714285714285,0.033516144089155354,184.0,0.7763713080168776
664,69.0,0.014285714285714285,0.038823647552196,184.0,0.7763713080168776
665,69.0,0.014285714285714285,0.03889567143561673,184.0,0.7763713080168776
666,69.0,0.014285714285714285,0.03043555464094639,184.0,0.7763713080168776
667,69.0,0.014285714285714285,0.03474418740035892,184.0,0.7763713080168776
668,69.0,0.014285714285714285,0.03245733115983042,184.0,0.7763713080168776
669,69.0,0.014285714285714285,0.032833573826036626,184.0,0.7763713080168776
670,69.0,0.014285714285714285,0.03508650483913051,184.0,0.7763713080168776
671,69.0,0.014285714285714285,0.04357634666828441,184.0,0.7763713080168776
672,69.0,0.014285714285714285,0.03027726648395536,184.0,0.7763713080168776
673,69.0,0.014285714285714285,0.032187771550285085,184.0,0.7763713080168776
674,69.0,0.014285714285714285,0.035513503571934536,184.0,0.7763713080168776
675,69.0,0.014285714285714285,0.03163976254305677,184.0,0.7763713080168776
676,69.0,0.014285714285714285,0.03359095953493275,184.0,0.7763713080168776
677,69.0,0.014285714285714285,0.03269861166199967,184.0,0.7763713080168776
678,69.0,0.014285714285714285,0.03112935164681029,184.0,0.7763713080168776
679,69.0,0.014285714285714285,0.035445487766353104,184.0,0.7763713080168776
680,69.0,0.014285714285714285,0.034454589689258595,184.0,0.7763713080168776
681,69.0,0.014285714285714285,0.032481995453547866,184.0,0.7763713080168776
682,69.0,0.014285714285714285,0.03466776918399518,184.0,0.7763713080168776
683,69.0,0.014285714285714285,0.03548286402841631,184.0,0.7763713080168776
684,69.0,0.014285714285714285,0.03297773730742241,184.0,0.7763713080168776
685,69.0,0.014285714285714285,0.03192674088736045,184.0,0.7763713080168776
686,69.0,0.014285714285714285,0.031373848361606886,184.0,0.7763713080168776
687,69.0,0.014285714285714285,0.03078466893287356,184.0,0.7763713080168776
688,69.0,0.014285714285714285,0.035219720377618786,184.0,0.7763713080168776
689,69.0,0.014285714285714285,0.03076417829260325,184.0,0.7763713080168776
690,69.0,0.014285714285714285,0.03247464425661285,184.0,0.7763713080168776
691,69.0,0.014285714285714285,0.03209930361701036,184.0,0.7763713080168776
692,69.0,0.014285714285714285,0.036441709130217485,184.0,0.7763713080168776
693,69.0,0.014285714285714285,0.0315249451097224,184.0,0.7763713080168776
694,69.0,0.014285714285714285,0.02671548852959999,184.0,0.7763713080168776
695,69.0,0.014285714285714285,0.03054387269925515,184.0,0.7763713080168776
696,69.0,0.014285714285714285,0.0326656186026263,184.0,0.7763713080168776
697,69.0,0.014285714285714285,0.034131236528792366,184.0,0.7763713080168776
698,69.0,0.014285714285714285,0.03233230568880958,184.0,0.7763713080168776
699,69.0,0.014285714285714285,0.03613139214952426,184.0,0.7763713080168776
700,69.0,0.014285714285714285,0.03005273654382153,184.0,0.7763713080168776
701,69.0,0.014285714285714285,0.03697537570490262,184.0,0.7763713080168776
702,69.0,0.014285714285714285,0.03502137018825815,184.0,0.7763713080168776
703,69.0,0.014285714285714285,0.03439753267673538,184.0,0.7763713080168776
704,69.0,0.014285714285714285,0.03476262360215533,184.0,0.7763713080168776
705,69.0,0.014285714285714285,0.02953523805708714,184.0,0.7763713080168776
706,69.0,0.014285714285714285,0.03461662864088021,184.0,0.7763713080168776
707,69.0,0.014285714285714285,0.030033465915079445,184.0,0.7763713080168776
708,69.0,0.014285714285714285,0.02879536362228846,184.0,0.7763713080168776
709,69.0,0.014285714285714285,0.02520801952483756,184.0,0.7763713080168776
710,69.0,0.014285714285714285,0.030437216582582537,184.0,0.7763713080168776
711,69.0,0.014285714285714285,0.03304380389668277,184.0,0.7763713080168776
712,69.0,0.014285714285714285,0.028233229240181044,184.0,0.7763713080168776
713,69.0,0.014285714285714285,0.03453349637501915,184.0,0.7763713080168776
714,69.0,0.014285714285714285,0.0337869734208316,184.0,0.7763713080168776
715,69.0,0.014285714285714285,0.030325582751372225,184.0,0.7763713080168776
716,69.0,0.014285714285714285,0.03425845799545706,184.0,0.7763713080168776
717,69.0,0.014285714285714285,0.032873949567148335,184.0,0.7763713080168776
718,69.0,0.014285714285714285,0.03109414407431661,184.0,0.7763713080168776
719,69.0,0.014285714285714285,0.03308712844297795,184.0,0.7763713080168776
720,69.0,0.014285714285714285,0.03775189787058073,184.0,0.7763713080168776
721,69.0,0.014285714285714285,0.03307495450644269,184.0,0.7763713080168776
722,69.0,0.014285714285714285,0.028949774189545065,184.0,0.7763713080168776
723,69.0,0.014285714285714285,0.03319252404695164,184.0,0.7763713080168776
724,69.0,0.014285714285714285,0.03083351676093301,184.0,0.7763713080168776
725,69.0,0.014285714285714285,0.02527732895584587,184.0,0.7763713080168776
726,69.0,0.014285714285714285,0.030302481983463813,184.0,0.7763713080168776
727,69.0,0.014285714285714285,0.030950880138640623,184.0,0.7763713080168776
728,69.0,0.014285714285714285,0.03373727649204869,184.0,0.7763713080168776
729,69.0,0.014285714285714285,0.0360003759040042,184.0,0.7763713080168776
730,69.0,0.014285714285714285,0.031808991524148914,184.0,0.7763713080168776
731,69.0,0.014285714285714285,0.029882499309197803,184.0,0.7763713080168776
732,69.0,0.014285714285714285,0.03861888120312192,184.0,0.7763713080168776
733,69.0,0.014285714285714285,0.02887425526141947,184.0,0.7763713080168776
734,69.0,0.014285714285714285,0.02695380350087529,184.0,0.7763713080168776
735,69.0,0.014285714285714285,0.030008191682460467,184.0,0.7763713080168776
736,69.0,0.014285714285714285,0.03142819383526314,184.0,0.7763713080168776
737,69.0,0.014285714285714285,0.029483746137010887,184.0,0.7763713080168776
738,69.0,0.014285714285714285,0.025591933065480764,184.0,0.7763713080168776
739,69.0,0.014285714285714285,0.03126209385630722,184.0,0.7763713080168776
740,69.0,0.014285714285714285,0.028744899438045198,184.0,0.7763713080168776
741,69.0,0.014285714285714285,0.029345222966503996,184.0,0.7763713080168776
742,69.0,0.014285714285714285,0.03100761198234055,184.0,0.7763713080168776
743,69.0,0.014285714285714285,0.028538314328980015,184.0,0.7763713080168776
744,69.0,0.014285714285714285,0.031462422578756095,184.0,0.7763713080168776
745,69.0,0.014285714285714285,0.03197631786368951,184.0,0.7763713080168776
746,69.0,0.014285714285714285,0.03452157040264245,184.0,0.7763713080168776
747,69.0,0.014285714285714285,0.03177658994309761,184.0,0.7763713080168776
748,69.0,0.014285714285714285,0.027583408501523337,184.0,0.7763713080168776
749,69.0,0.014285714285714285,0.028378866972481168,184.0,0.7763713080168776
750,69.0,0.014285714285714285,0.031943936577568915,184.0,0.7763713080168776
751,69.0,0.014285714285714285,0.03751728629855106,184.0,0.7763713080168776
752,69.0,0.014285714285714285,0.029704895673355994,184.0,0.7763713080168776
753,69.0,0.014285714285714285,0.028521487789938134,184.0,0.7763713080168776
754,69.0,0.014285714285714285,0.026699521433534476,184.0,0.7763713080168776
755,69.0,0.014285714285714285,0.029676646107913582,184.0,0.7763713080168776
756,69.0,0.014285714285714285,0.02897081613855188,184.0,0.7763713080168776
757,69.0,0.014285714285714285,0.027371126505453997,184.0,0.7763713080168776
758,69.0,0.014285714285714285,0.029741883416914965,184.0,0.7763713080168776
759,69.0,0.014285714285714285,0.033208052495311544,184.0,0.7763713080168776
760,69.0,0.014285714285714285,0.032735700591632735,184.0,0.7763713080168776
761,69.0,0.014285714285714285,0.026799721277423937,184.0,0.7763713080168776
762,69.0,0.014285714285714285,0.028495166462180036,184.0,0.7763713080168776
763,69.0,0.014285714285714285,0.030279125010042093,184.0,0.7763713080168776
764,69.0,0.014285714285714285,0.0302667840855083,184.0,0.7763713080168776
765,69.0,0.014285714285714285,0.031634038758411136,184.0,0.7763713080168776
766,69.0,0.014285714285714285,0.0409837022445138,184.0,0.7763713080168776
767,69.0,0.014285714285714285,0.03203681532861476,184.0,0.7763713080168776
768,69.0,0.014285714285714285,0.041022633217759855,184.0,0.7763713080168776
769,69.0,0.014285714285714285,0.04211401805522783,184.0,0.7763713080168776
770,69.0,0.014285714285714285,0.03383552584329338,184.0,0.7763713080168776
771,69.0,0.014285714285714285,0.038383966120680894,184.0,0.7763713080168776
772,69.0,0.014285714285714285,0.040192985328066755,184.0,0.7763713080168776
773,69.0,0.014285714285714285,0.026907119477537565,184.0,0.7763713080168776
774,69.0,0.014285714285714285,0.032307093728433864,184.0,0.7763713080168776
775,69.0,0.014285714285714285,0.03217725343004649,184.0,0.7763713080168776
776,69.0,0.014285714285714285,0.029316065238600843,184.0,0.7763713080168776
777,69.0,0.014285714285714285,0.02977343453179538,184.0,0.7763713080168776
778,69.0,0.014285714285714285,0.033187078137535644,184.0,0.7763713080168776
779,69.0,0.014285714285714285,0.03328215636330483,184.0,0.7763713080168776
780,69.0,0.014285714285714285,0.04005958810566397,184.0,0.7763713080168776
781,69.0,0.014285714285714285,0.03660461227889007,184.0,0.7763713080168776
782,69.0,0.014285714285714285,0.04408969261820764,184.0,0.7763713080168776
783,69.0,0.014285714285714285,0.03578598131825874,184.0,0.7763713080168776
784,69.0,0.014285714285714285,0.0527816752237851,184.0,0.7763713080168776
785,69.0,0.014285714285714285,0.04212406406392386,184.0,0.7763713080168776
786,69.0,0.014285714285714285,0.03897653480749259,184.0,0.7763713080168776
787,69.0,0.014285714285714285,0.037111087786447255,184.0,0.7763713080168776
788,69.0,0.014285714285714285,0.033115471568299124,184.0,0.7763713080168776
789,69.0,0.014285714285714285,0.037456779234120524,184.0,0.7763713080168776
790,69.0,0.014285714285714285,0.03732037705191879,184.0,0.7763713080168776
791,69.0,0.014285714285714285,0.04067049294982497,184.0,0.7763713080168776
792,69.0,0.014285714285714285,0.0345980704497633,184.0,0.7763713080168776
793,69.0,0.014285714285714285,0.034979046292402914,184.0,0.7763713080168776
794,69.0,0.014285714285714285,0.03232125074899346,184.0,0.7763713080168776
795,69.0,0.014285714285714285,0.03109541694438684,184.0,0.7763713080168776
796,69.0,0.014285714285714285,0.03525270030341712,184.0,0.7763713080168776
797,69.0,0.014285714285714285,0.029143071685460962,184.0,0.7763713080168776
798,69.0,0.014285714285714285,0.03770566506608731,184.0,0.7763713080168776
799,69.0,0.014285714285714285,0.027129268986422813,184.0,0.7763713080168776
800,69.0,0.014285714285714285,0.031159838657930542,184.0,0.7763713080168776
801,69.0,0.014285714285714285,0.02975582837648899,184.0,0.7763713080168776
802,69.0,0.014285714285714285,0.0360733926885497,184.0,0.7763713080168776
803,69.0,0.014285714285714285,0.04194429233284304,184.0,0.7763713080168776
804,69.0,0.014285714285714285,0.04140245251119235,184.0,0.7763713080168776
805,69.0,0.014285714285714285,0.06160698897286495,184.0,0.7763713080168776
806,69.0,0.014285714285714285,0.03744420583782844,184.0,0.7763713080168776
807,69.0,0.014285714285714285,0.028741240963177248,184.0,0.7763713080168776
808,69.0,0.014285714285714285,0.030078579827252337,184.0,0.7763713080168776
809,69.0,0.014285714285714285,0.03213670071420895,184.0,0.7763713080168776
810,69.0,0.014285714285714285,0.0320984491167675,184.0,0.7763713080168776
811,69.0,0.014285714285714285,0.02516175119245443,184.0,0.7763713080168776
812,69.0,0.014285714285714285,0.026024024614786027,184.0,0.7763713080168776
813,69.0,0.014285714285714285,0.029370790289566604,184.0,0.7763713080168776
814,69.0,0.014285714285714285,0.03194181919054868,184.0,0.7763713080168776
815,69.0,0.014285714285714285,0.03668150477116822,184.0,0.7763713080168776
816,69.0,0.014285714285714285,0.030494552111440813,184.0,0.7763713080168776
817,69.0,0.014285714285714285,0.02880961373515835,184.0,0.7763713080168776
818,69.0,0.014285714285714285,0.036779917304666246,184.0,0.7763713080168776
819,69.0,0.014285714285714285,0.043882086127570365,184.0,0.7763713080168776
820,69.0,0.014285714285714285,0.0343566314240657,184.0,0.7763713080168776
821,69.0,0.014285714285714285,0.029951227125240378,184.0,0.7763713080168776
822,69.0,0.014285714285714285,0.03330939135904165,184.0,0.7763713080168776
823,69.0,0.014285714285714285,0.032370213890510896,184.0,0.7763713080168776
824,69.0,0.014285714285714285,0.03240199941802342,184.0,0.7763713080168776
825,69.0,0.014285714285714285,0.03404829637515789,184.0,0.7763713080168776
826,69.0,0.014285714285714285,0.03188653493067832,184.0,0.7763713080168776
827,69.0,0.014285714285714285,0.02587304293143478,187.0,0.7890295358649789
828,69.0,0.014285714285714285,0.02682823683040219,187.0,0.7890295358649789
829,69.0,0.014285714285714285,0.025674323308991494,187.0,0.7890295358649789
830,69.0,0.014285714285714285,0.037637509823270895,187.0,0.7890295358649789
831,69.0,0.014285714285714285,0.027805813703646803,187.0,0.7890295358649789
832,68.0,0.014492753623188406,0.02618436021258013,188.0,0.7932489451476793
833,68.0,0.014492753623188406,0.03607648369469736,188.0,0.7932489451476793
834,68.0,0.014492753623188406,0.0342554669966627,188.0,0.7932489451476793
835,68.0,0.014492753623188406,0.03358377861263306,188.0,0.7932489451476793
836,68.0,0.014492753623188406,0.032182004761554195,188.0,0.7932489451476793
837,68.0,0.014492753623188406,0.027809346415428662,188.0,0.7932489451476793
838,68.0,0.014492753623188406,0.030057197657091597,188.0,0.7932489451476793
839,68.0,0.014492753623188406,0.028397255105414635,188.0,0.7932489451476793
840,68.0,0.014492753623188406,0.02742465469929358,188.0,0.7932489451476793
841,68.0,0.014492753623188406,0.03295123146656609,188.0,0.7932489451476793
842,68.0,0.014492753623188406,0.03411217460007166,188.0,0.7932489451476793
843,68.0,0.014492753623188406,0.03014056386940339,188.0,0.7932489451476793
844,68.0,0.014492753623188406,0.03296813107940834,188.0,0.7932489451476793
845,68.0,0.014492753623188406,0.03551253961945739,188.0,0.7932489451476793
846,68.0,0.014492753623188406,0.03401493485232702,188.0,0.7932489451476793
847,68.0,0.014492753623188406,0.026290055855887014,188.0,0.7932489451476793
848,68.0,0.014492753623188406,0.03260735716827019,188.0,0.7932489451476793
849,68.0,0.014492753623188406,0.02965977433544755,188.0,0.7932489451476793
850,68.0,0.014492753623188406,0.028125875002286367,188.0,0.7932489451476793
851,68.0,0.014492753623188406,0.03202004878244848,188.0,0.7932489451476793
852,68.0,0.014492753623188406,0.20128867873680084,188.0,0.7932489451476793
Final,30.0,0.03225806451612903,0.03226278311052496,32.0,0.7441860465116279
46845430200
